uid,date,stress_label,sleep_duration,sleep_midpoint,activity_level,activity_variance,routine_change
u00,2023-01-01,2,8.19436534066034,1.9666666666666668,10,0.5036101551853349,4
u00,2023-01-02,1,6.651120938002914,3.4833333333333334,10,0.5036101551853349,3
u00,2023-01-03,1,6.586578995168292,3.9166666666666665,14,0.5036101551853348,2
u00,2023-01-04,1,8.449514998389114,2.7333333333333334,8,0.48154341234307674,2
u00,2023-01-05,1,5.493287955348766,2.5166666666666666,12,0.5107539184552492,2
u00,2023-01-06,2,6.584566539238119,3.6166666666666667,12,0.5107539184552491,3
u00,2023-01-07,2,9.50614491254852,5.833333333333333,7,0.4643056214875365,4
u00,2023-01-08,3,7.565132086535522,0.15,8,0.48154341234307674,4
u00,2023-01-09,3,6.826519603224174,3.283333333333333,12,0.5107539184552492,3
u00,2023-01-10,1,7.778496016541863,3.5166666666666666,6,0.4423258684646914,2
u00,2023-01-11,2,6.4511606151638095,2.8,12,0.5107539184552493,3
u00,2023-01-12,2,8.502374582211896,1.3833333333333333,10,0.5036101551853348,2
u00,2023-01-13,1,6.912585621107499,3.5833333333333335,8,0.48154341234307685,3
u00,2023-01-14,2,6.648138312067995,4.6,15,0.4945353550468402,5
u00,2023-01-15,1,7.637887736438392,1.4333333333333333,7,0.46430562148753646,4
u00,2023-01-16,3,6.218936966247885,5.383333333333334,14,0.5036101551853349,3
u00,2023-01-17,1,8.150872267554517,4.55,13,0.5089773777040515,2
u00,2023-01-18,2,5.060742729889316,3.0833333333333335,9,0.4945353550468402,3
u00,2023-01-19,2,6.7685602170621335,1.9166666666666665,9,0.49453535504684026,4
u00,2023-01-20,2,8.290788596115718,3.65,9,0.4945353550468402,2
u00,2023-01-21,1,8.18267593926992,2.7,2,0.28232985128663995,4
u00,2023-01-22,2,6.792928488698831,0.7833333333333333,5,0.41485111699905347,4
u00,2023-01-23,2,5.472683887464701,2.3833333333333333,9,0.49453535504684026,3
u00,2023-01-24,1,6.813045191117886,1.65,8,0.4815434123430768,2
u00,2023-01-25,2,7.233767538011897,2.8833333333333333,6,0.4423258684646914,3
u00,2023-01-26,2,6.093650031773447,0.18333333333333332,14,0.5036101551853348,2
u00,2023-01-27,2,6.350991938391882,2.066666666666667,16,0.48154341234307685,4
u00,2023-01-28,3,7.268837876522345,1.9,14,0.5036101551853348,2
u00,2023-01-29,1,7.866560550348243,3.9,10,0.5036101551853348,4
u00,2023-01-30,1,7.593583008732354,1.5,9,0.4945353550468402,2
u01,2023-01-01,3,6.56959210412693,1.2666666666666666,8,0.4815434123430768,4
u01,2023-01-02,3,8.112752785259762,2.7333333333333334,13,0.5089773777040515,1
u01,2023-01-03,2,6.610011334171067,1.7,18,0.44232586846469135,3
u01,2023-01-04,2,3.2494736734768037,22.733333333333334,11,0.5089773777040515,3
u01,2023-01-05,3,9.41608282459636,4.283333333333333,16,0.4815434123430768,3
u01,2023-01-06,1,6.0297974229033295,2.6,6,0.44232586846469146,3
u01,2023-01-07,3,5.588008507139745,1.5666666666666667,9,0.4945353550468402,4
u01,2023-01-08,2,8.67302221078154,4.133333333333334,10,0.5036101551853349,4
u01,2023-01-09,2,5.481308267127069,3.3666666666666667,11,0.5089773777040516,3
u01,2023-01-10,1,8.561890840264784,2.8166666666666664,9,0.49453535504684026,4
u01,2023-01-11,3,7.386746644281001,4.45,8,0.4815434123430768,4
u01,2023-01-12,1,5.7207322977032256,1.75,7,0.46430562148753646,4
u01,2023-01-13,3,7.636781261225691,4.816666666666666,11,0.5089773777040515,2
u01,2023-01-14,1,7.759165295347772,3.216666666666667,6,0.44232586846469135,3
u01,2023-01-15,1,5.745300974701339,1.5,9,0.49453535504684026,3
u01,2023-01-16,1,5.99697221876246,2.2333333333333334,5,0.41485111699905336,3
u01,2023-01-17,3,9.42531702109921,4.233333333333333,17,0.4643056214875365,3
u01,2023-01-18,1,6.856111791095263,2.5833333333333335,9,0.49453535504684026,2
u01,2023-01-19,1,9.242043069141848,6.65,5,0.4148511169990534,4
u01,2023-01-20,1,3.584991246782197,2.716666666666667,7,0.4643056214875365,3
u01,2023-01-21,2,7.011877727475057,2.7,15,0.49453535504684015,4
u01,2023-01-22,3,8.209479737630692,3.216666666666667,4,0.3806934938134405,3
u01,2023-01-23,3,6.161298857598263,2.5166666666666666,14,0.5036101551853348,2
u01,2023-01-24,3,7.61348610593453,3.5833333333333335,9,0.4945353550468403,3
u01,2023-01-25,2,5.089857820573471,1.7833333333333332,8,0.4815434123430768,3
u01,2023-01-26,1,7.010717630767103,23.283333333333335,10,0.5036101551853349,3
u01,2023-01-27,2,7.628048667613861,4.65,15,0.4945353550468402,3
u01,2023-01-28,1,7.785678351348159,3.55,8,0.4815434123430768,4
u01,2023-01-29,2,7.176905733690075,2.6833333333333336,9,0.4945353550468402,4
u01,2023-01-30,1,5.958686791692851,3.1166666666666667,7,0.46430562148753646,3
u02,2023-01-01,1,5.471564154520541,3.85,13,0.5089773777040515,5
u02,2023-01-02,1,6.536581252101594,4.266666666666667,7,0.4643056214875365,2
u02,2023-01-03,2,8.389996644021846,6.583333333333333,15,0.4945353550468402,2
u02,2023-01-04,3,3.0201819700182577,2.6166666666666667,12,0.5107539184552491,2
u02,2023-01-05,1,5.9948384339916805,2.7,9,0.49453535504684026,3
u02,2023-01-06,2,8.076138675476491,3.0166666666666666,14,0.5036101551853348,2
u02,2023-01-07,3,6.548646555552151,3.533333333333333,5,0.41485111699905347,2
u02,2023-01-08,2,6.450140556548805,23.75,11,0.5089773777040516,4
u02,2023-01-09,2,9.44759351416694,4.183333333333334,8,0.4815434123430768,3
u02,2023-01-10,2,7.091614910741837,4.233333333333333,7,0.4643056214875365,3
u02,2023-01-11,2,9.152535931956283,2.183333333333333,8,0.4815434123430768,2
u02,2023-01-12,1,11.714149785285038,5.05,14,0.5036101551853349,2
u02,2023-01-13,3,7.514689601400271,3.65,9,0.49453535504684026,4
u02,2023-01-14,3,6.609304113465541,4.483333333333333,18,0.44232586846469135,4
u02,2023-01-15,3,10.369341775030929,4.733333333333333,9,0.49453535504684026,3
u02,2023-01-16,2,3.56375980806639,0.75,15,0.4945353550468402,2
u02,2023-01-17,3,5.418829684514752,0.4166666666666667,9,0.49453535504684026,1
u02,2023-01-18,2,7.428345842283415,3.466666666666667,16,0.48154341234307685,3
u02,2023-01-19,1,4.62500489602518,4.1,13,0.5089773777040515,2
u02,2023-01-20,3,7.396947576016465,3.033333333333333,3,0.3378319623460881,3
u02,2023-01-21,1,6.434699964178028,3.216666666666667,8,0.48154341234307685,3
u02,2023-01-22,3,7.051820043253392,3.033333333333333,12,0.5107539184552491,4
u02,2023-01-23,2,7.960686941618954,1.5666666666666667,9,0.4945353550468402,2
u02,2023-01-24,1,6.18290830065984,2.35,14,0.5036101551853348,3
u02,2023-01-25,2,7.562540905680196,4.95,10,0.5036101551853348,2
u02,2023-01-26,2,7.932129829269856,2.3666666666666667,12,0.5107539184552492,1
u02,2023-01-27,3,8.215587602514512,3.55,11,0.5089773777040516,2
u02,2023-01-28,2,6.421105195597617,4.033333333333333,14,0.5036101551853348,3
u02,2023-01-29,1,7.470914522443304,4.55,10,0.5036101551853348,4
u02,2023-01-30,2,7.487398774384292,6.733333333333333,14,0.5036101551853348,2
u03,2023-01-01,2,7.132028189576381,1.6833333333333333,13,0.5089773777040515,3
u03,2023-01-02,3,4.869319554112916,1.9833333333333334,4,0.38069349381344053,3
u03,2023-01-03,1,5.2178316402886775,2.05,14,0.5036101551853348,2
u03,2023-01-04,1,5.5307701039582,0.11666666666666667,6,0.4423258684646914,3
u03,2023-01-05,1,3.363668672378376,0.21666666666666667,10,0.5036101551853348,2
u03,2023-01-06,3,4.212319900067089,1.1333333333333333,11,0.5089773777040515,2
u03,2023-01-07,2,4.680410862849921,2.9333333333333336,5,0.4148511169990534,3
u03,2023-01-08,2,7.147215131922683,4.616666666666667,14,0.5036101551853348,3
u03,2023-01-09,3,7.025966872926984,4.316666666666666,13,0.5089773777040515,2
u03,2023-01-10,1,8.995975527191925,5.266666666666667,13,0.5089773777040515,3
u03,2023-01-11,2,8.98489227067483,7.2,17,0.4643056214875365,3
u03,2023-01-12,1,5.816096059207057,2.9166666666666665,13,0.5089773777040515,3
u03,2023-01-13,1,6.674087677639458,2.1666666666666665,17,0.4643056214875365,2
u03,2023-01-14,1,8.900903471651155,3.466666666666667,13,0.5089773777040515,2
u03,2023-01-15,2,6.742251204899329,3.3833333333333333,8,0.4815434123430768,4
u03,2023-01-16,1,7.108278627322184,4.316666666666666,7,0.46430562148753646,2
u03,2023-01-17,3,7.803036393606714,2.8333333333333335,12,0.5107539184552492,1
u03,2023-01-18,1,6.775789088320163,1.9,16,0.48154341234307674,3
u03,2023-01-19,2,9.986644606723855,4.85,5,0.4148511169990534,4
u03,2023-01-20,3,9.257153956648285,4.0,8,0.4815434123430768,2
u03,2023-01-21,1,6.930649370839863,2.783333333333333,12,0.5107539184552492,4
u03,2023-01-22,2,7.228765156226824,2.5666666666666664,4,0.38069349381344053,4
u03,2023-01-23,1,10.286887925772524,4.616666666666667,11,0.5089773777040515,2
u03,2023-01-24,2,4.094689024868957,0.5833333333333334,14,0.5036101551853348,3
u03,2023-01-25,1,6.205574892460477,0.8,13,0.5089773777040515,2
u03,2023-01-26,1,9.516358694401465,5.266666666666667,5,0.4148511169990534,2
u03,2023-01-27,1,9.113560994704482,6.083333333333333,9,0.49453535504684026,4
u03,2023-01-28,2,6.5011141037364775,2.3666666666666667,10,0.5036101551853349,5
u03,2023-01-29,3,7.329820393274972,2.3166666666666664,13,0.5089773777040515,3
u03,2023-01-30,1,7.904848000945295,1.15,12,0.5107539184552491,3
u04,2023-01-01,2,5.690178978346374,1.05,5,0.41485111699905347,4
u04,2023-01-02,3,5.716147451702964,1.0833333333333333,12,0.5107539184552492,2
u04,2023-01-03,2,4.307667605245223,3.216666666666667,6,0.44232586846469135,3
u04,2023-01-04,1,6.084717557940743,1.6666666666666665,9,0.4945353550468402,3
u04,2023-01-05,3,7.649296721832917,4.266666666666667,10,0.5036101551853349,2
u04,2023-01-06,2,4.8734681970777896,0.7333333333333333,7,0.46430562148753646,3
u04,2023-01-07,1,8.616525766913561,2.6,6,0.44232586846469135,5
u04,2023-01-08,1,7.284706460661546,3.75,8,0.48154341234307685,4
u04,2023-01-09,1,4.637011445704779,1.35,15,0.4945353550468402,4
u04,2023-01-10,2,6.722777082119843,2.2,13,0.5089773777040515,3
u04,2023-01-11,3,8.040811164040218,2.2666666666666666,6,0.44232586846469135,4
u04,2023-01-12,3,5.492630146143879,4.183333333333334,11,0.5089773777040515,1
u04,2023-01-13,2,8.731647506094395,2.4333333333333336,8,0.48154341234307674,3
u04,2023-01-14,2,7.221206656963346,2.4,10,0.5036101551853349,3
u04,2023-01-15,1,7.634565871370922,4.35,16,0.4815434123430768,5
u04,2023-01-16,1,7.622627204225277,2.4833333333333334,12,0.5107539184552492,4
u04,2023-01-17,3,6.91463003144454,4.55,7,0.4643056214875365,2
u04,2023-01-18,2,8.394772882337158,5.283333333333333,13,0.5089773777040515,3
u04,2023-01-19,3,5.621826231087182,2.15,7,0.4643056214875365,2
u04,2023-01-20,2,8.563058749818893,4.1,7,0.4643056214875365,4
u04,2023-01-21,3,4.087010366339186,1.6333333333333333,12,0.5107539184552491,4
u04,2023-01-22,2,4.331616731613487,0.9833333333333333,17,0.4643056214875365,3
u04,2023-01-23,1,7.032266823083044,1.35,11,0.5089773777040515,1
u04,2023-01-24,3,6.820477154521715,4.05,9,0.49453535504684026,2
u04,2023-01-25,1,5.292479762931233,4.883333333333333,7,0.46430562148753646,3
u04,2023-01-26,1,8.352082622564353,0.95,11,0.5089773777040515,3
u04,2023-01-27,1,7.868040449743539,0.4666666666666667,9,0.4945353550468402,3
u04,2023-01-28,1,5.597396063014543,1.7,9,0.4945353550468402,3
u04,2023-01-29,3,7.474988261571999,1.25,13,0.5089773777040516,3
u04,2023-01-30,3,8.243393764516048,2.466666666666667,13,0.5089773777040516,3
u05,2023-01-01,3,7.756044559908839,2.716666666666667,12,0.5107539184552491,3
u05,2023-01-02,1,6.787551227508897,1.3833333333333333,13,0.5089773777040515,2
u05,2023-01-03,3,7.622194256323312,4.116666666666666,14,0.5036101551853349,2
u05,2023-01-04,1,8.959747941287038,0.8333333333333334,8,0.48154341234307685,2
u05,2023-01-05,3,7.578265178264641,3.15,12,0.5107539184552492,3
u05,2023-01-06,3,7.906735205811985,1.1,11,0.5089773777040516,2
u05,2023-01-07,3,7.540839624044727,3.45,7,0.4643056214875365,5
u05,2023-01-08,1,5.541176311143042,4.783333333333333,13,0.5089773777040515,3
u05,2023-01-09,3,7.539609715426009,4.983333333333333,12,0.5107539184552491,3
u05,2023-01-10,1,8.886307558964207,4.6,8,0.4815434123430768,2
u05,2023-01-11,1,5.095396930025947,1.6,11,0.5089773777040515,2
u05,2023-01-12,1,6.442071054282527,1.3666666666666667,8,0.48154341234307685,3
u05,2023-01-13,2,6.722195924716791,4.85,10,0.5036101551853349,4
u05,2023-01-14,3,6.404485202078893,3.9,11,0.5089773777040516,4
u05,2023-01-15,1,5.515497535429073,1.4333333333333333,9,0.49453535504684026,4
u05,2023-01-16,2,7.497791089801231,2.283333333333333,10,0.5036101551853348,3
u05,2023-01-17,2,8.187883471794223,5.6,12,0.5107539184552492,5
u05,2023-01-18,2,7.424889663025715,2.4166666666666665,11,0.5089773777040516,2
u05,2023-01-19,2,6.643307630281666,3.8333333333333335,10,0.5036101551853348,2
u05,2023-01-20,2,4.246248539991692,0.5333333333333333,13,0.5089773777040515,4
u05,2023-01-21,2,5.623628658918304,0.95,10,0.5036101551853349,4
u05,2023-01-22,2,5.6125132448361335,1.5833333333333335,10,0.5036101551853348,5
u05,2023-01-23,2,3.201191784676165,2.15,8,0.48154341234307674,3
u05,2023-01-24,1,10.297950970605244,2.5833333333333335,6,0.4423258684646913,5
u05,2023-01-25,3,7.159432640523516,0.75,11,0.5089773777040516,2
u05,2023-01-26,2,6.002095102229314,23.3,9,0.49453535504684026,2
u05,2023-01-27,2,6.023783448673821,5.316666666666666,10,0.5036101551853349,3
u05,2023-01-28,2,5.715239414388877,2.216666666666667,10,0.503610155185335,4
u05,2023-01-29,1,8.631906194261164,2.1333333333333333,15,0.49453535504684026,4
u05,2023-01-30,2,6.932056771456655,2.7333333333333334,15,0.49453535504684026,3
u06,2023-01-01,3,6.080116605744785,1.4666666666666668,5,0.4148511169990534,4
u06,2023-01-02,3,6.707996858127562,2.716666666666667,12,0.5107539184552492,2
u06,2023-01-03,2,7.0960261178989645,3.4333333333333336,7,0.4643056214875365,3
u06,2023-01-04,1,7.226428221601642,3.1166666666666667,6,0.4423258684646913,2
u06,2023-01-05,2,8.082967188760023,3.783333333333333,13,0.5089773777040515,3
u06,2023-01-06,3,3.7220336420607354,1.2833333333333332,14,0.5036101551853348,3
u06,2023-01-07,1,8.452013324266247,5.9,11,0.5089773777040516,4
u06,2023-01-08,1,8.280285708131187,2.783333333333333,11,0.5089773777040516,5
u06,2023-01-09,3,7.257500257361808,3.716666666666667,12,0.5107539184552492,3
u06,2023-01-10,2,6.03669001869989,4.566666666666666,6,0.44232586846469135,3
u06,2023-01-11,2,8.023678891404558,2.9833333333333334,15,0.4945353550468402,3
u06,2023-01-12,1,7.113519862476275,0.75,12,0.5107539184552492,3
u06,2023-01-13,1,5.632146047703023,0.16666666666666666,8,0.48154341234307685,4
u06,2023-01-14,2,7.151604569452866,3.9333333333333336,13,0.5089773777040516,3
u06,2023-01-15,1,3.168446506110368,1.7666666666666666,10,0.5036101551853348,2
u06,2023-01-16,1,8.677284049757915,4.05,9,0.49453535504684026,3
u06,2023-01-17,3,8.243599121049076,4.866666666666667,14,0.5036101551853349,2
u06,2023-01-18,1,8.020653231375437,3.283333333333333,12,0.5107539184552492,3
u06,2023-01-19,3,6.876192840022343,2.533333333333333,12,0.5107539184552492,3
u06,2023-01-20,3,9.118035037002857,2.6,15,0.49453535504684015,4
u06,2023-01-21,1,10.200962613687862,7.233333333333333,10,0.5036101551853349,3
u06,2023-01-22,2,8.455420479322765,5.7,4,0.38069349381344053,2
u06,2023-01-23,3,7.507368576796861,1.2833333333333332,9,0.4945353550468402,3
u06,2023-01-24,1,8.007432974343894,4.033333333333333,11,0.5089773777040515,4
u06,2023-01-25,1,7.887228484355557,4.033333333333333,12,0.5107539184552493,4
u06,2023-01-26,2,8.064756399037147,4.233333333333333,15,0.49453535504684015,4
u06,2023-01-27,3,9.01745034802268,5.55,7,0.4643056214875365,2
u06,2023-01-28,3,9.91629525820981,4.416666666666667,11,0.5089773777040516,4
u06,2023-01-29,1,6.22112141007805,4.3,15,0.49453535504684015,3
u06,2023-01-30,1,7.416104157063374,5.183333333333334,14,0.5036101551853348,3
u07,2023-01-01,1,8.525484094508425,4.716666666666667,12,0.5107539184552492,3
u07,2023-01-02,2,6.048630209201951,3.2,13,0.5089773777040515,3
u07,2023-01-03,3,8.118129684574178,3.2,6,0.44232586846469135,3
u07,2023-01-04,2,7.862252431527228,7.15,7,0.4643056214875365,2
u07,2023-01-05,2,7.427004759407188,1.7166666666666668,10,0.5036101551853348,2
u07,2023-01-06,3,5.882108788058363,1.55,10,0.5036101551853349,2
u07,2023-01-07,3,7.613029804403746,0.4666666666666667,7,0.4643056214875365,4
u07,2023-01-08,3,5.855927783647159,22.45,9,0.49453535504684026,4
u07,2023-01-09,3,8.523417787816486,4.633333333333333,14,0.5036101551853348,4
u07,2023-01-10,3,4.963420266753118,0.9833333333333333,6,0.4423258684646914,3
u07,2023-01-11,2,5.0055133086946615,1.9,7,0.4643056214875365,3
u07,2023-01-12,3,6.3224200107722135,2.25,15,0.4945353550468402,4
u07,2023-01-13,1,7.552021313188936,3.4333333333333336,13,0.5089773777040515,1
u07,2023-01-14,2,7.966233826341794,4.316666666666666,6,0.4423258684646913,3
u07,2023-01-15,2,9.53607587453264,4.516666666666667,8,0.48154341234307685,5
u07,2023-01-16,1,9.181133594313412,7.616666666666667,9,0.49453535504684026,4
u07,2023-01-17,1,6.163819908167483,0.6666666666666666,10,0.5036101551853349,3
u07,2023-01-18,3,5.831875968354503,2.3,12,0.5107539184552492,3
u07,2023-01-19,1,8.76945323886391,3.15,10,0.5036101551853349,3
u07,2023-01-20,2,9.538929236672333,4.383333333333334,6,0.44232586846469135,3
u07,2023-01-21,1,7.484759927811826,2.5833333333333335,5,0.4148511169990534,4
u07,2023-01-22,3,4.8516928491248255,0.7333333333333333,12,0.5107539184552491,5
u07,2023-01-23,2,7.420718539549516,1.5,13,0.5089773777040515,4
u07,2023-01-24,2,6.645858179590174,3.9333333333333336,3,0.3378319623460881,5
u07,2023-01-25,3,7.603546656781683,5.3,10,0.5036101551853348,2
u07,2023-01-26,3,7.329198876672564,1.7833333333333332,10,0.5036101551853348,4
u07,2023-01-27,1,6.140913981368614,0.13333333333333333,8,0.4815434123430768,3
u07,2023-01-28,2,7.9072974818451,2.716666666666667,5,0.41485111699905347,3
u07,2023-01-29,1,5.401419784537896,1.9,7,0.4643056214875365,4
u07,2023-01-30,1,6.183923001934182,3.5166666666666666,14,0.5036101551853348,3
u08,2023-01-01,3,9.599506799662205,2.066666666666667,12,0.5107539184552491,5
u08,2023-01-02,3,7.238629383755592,4.4,7,0.4643056214875365,3
u08,2023-01-03,1,10.240003922201808,2.466666666666667,5,0.41485111699905347,2
u08,2023-01-04,3,9.168286070408076,1.8166666666666667,13,0.5089773777040515,3
u08,2023-01-05,2,7.779037331022229,5.85,15,0.49453535504684015,3
u08,2023-01-06,2,6.788409244543518,2.3,11,0.5089773777040516,4
u08,2023-01-07,1,7.272035386831773,2.6166666666666667,11,0.5089773777040516,3
u08,2023-01-08,3,10.007624591549703,6.6,8,0.48154341234307685,3
u08,2023-01-09,2,10.011678377833208,3.4166666666666665,5,0.41485111699905347,3
u08,2023-01-10,1,6.162079754771915,2.5,17,0.4643056214875365,2
u08,2023-01-11,1,8.243404000805732,4.866666666666667,15,0.49453535504684026,4
u08,2023-01-12,1,7.313252606758459,3.0166666666666666,10,0.5036101551853348,3
u08,2023-01-13,3,7.723478197541872,3.466666666666667,9,0.49453535504684026,3
u08,2023-01-14,3,7.7323141359262815,4.916666666666667,5,0.41485111699905347,4
u08,2023-01-15,3,6.084087179812597,1.4166666666666667,11,0.5089773777040516,4
u08,2023-01-16,2,5.616879057425059,2.283333333333333,15,0.49453535504684015,3
u08,2023-01-17,2,8.680426800643527,3.7,10,0.5036101551853349,4
u08,2023-01-18,2,3.9841331755195633,1.7,10,0.5036101551853348,3
u08,2023-01-19,2,9.396500408759984,3.4833333333333334,12,0.5107539184552492,4
u08,2023-01-20,3,6.435623314500268,3.4333333333333336,9,0.49453535504684026,2
u08,2023-01-21,2,8.35370556291993,5.783333333333333,14,0.5036101551853349,4
u08,2023-01-22,1,9.837113843488158,2.6166666666666667,13,0.5089773777040515,3
u08,2023-01-23,3,5.894957315656989,1.4833333333333334,6,0.44232586846469135,3
u08,2023-01-24,2,5.343353095701747,2.8333333333333335,7,0.46430562148753646,3
u08,2023-01-25,2,8.317526457204915,2.4833333333333334,15,0.4945353550468402,5
u08,2023-01-26,3,8.232945338461946,5.05,13,0.5089773777040515,3
u08,2023-01-27,3,6.551868260469787,4.716666666666667,13,0.5089773777040515,2
u08,2023-01-28,2,7.070533617488893,2.5166666666666666,11,0.5089773777040515,3
u08,2023-01-29,2,7.96147139343627,3.283333333333333,7,0.4643056214875365,2
u08,2023-01-30,1,5.107155194590328,3.1666666666666665,8,0.4815434123430768,2
u09,2023-01-01,1,6.188231343009195,2.2333333333333334,13,0.5089773777040515,4
u09,2023-01-02,1,5.70023110999721,5.083333333333333,16,0.4815434123430768,3
u09,2023-01-03,2,6.5534481826742255,5.633333333333333,11,0.5089773777040515,3
u09,2023-01-04,2,8.18606478008345,2.3666666666666667,11,0.5089773777040516,2
u09,2023-01-05,2,8.84174674316511,4.983333333333333,11,0.5089773777040516,3
u09,2023-01-06,1,7.238545470760717,4.9,7,0.46430562148753646,1
u09,2023-01-07,1,5.781154454664877,1.6,7,0.4643056214875365,4
u09,2023-01-08,2,6.862795577871318,0.8833333333333333,12,0.5107539184552492,2
u09,2023-01-09,2,11.074857590664164,4.85,17,0.4643056214875365,2
u09,2023-01-10,3,6.945584542721805,6.216666666666667,9,0.49453535504684026,3
u09,2023-01-11,2,7.6166242381125535,6.916666666666667,12,0.5107539184552492,3
u09,2023-01-12,2,7.548309617296415,3.033333333333333,4,0.3806934938134405,4
u09,2023-01-13,1,12.181781174733516,4.883333333333333,3,0.3378319623460881,4
u09,2023-01-14,2,7.264415930061968,1.4166666666666667,11,0.5089773777040515,3
u09,2023-01-15,2,5.459727735322565,2.25,7,0.4643056214875365,4
u09,2023-01-16,1,4.696682360314753,3.8666666666666667,8,0.48154341234307674,2
u09,2023-01-17,3,9.143322121648373,4.45,14,0.5036101551853348,3
u09,2023-01-18,3,7.207042898127319,2.966666666666667,9,0.49453535504684026,2
u09,2023-01-19,2,7.274123803910975,3.9,10,0.5036101551853349,2
u09,2023-01-20,3,4.569927326642165,0.8833333333333333,10,0.5036101551853349,2
u09,2023-01-21,3,6.394441655749749,1.8166666666666667,15,0.4945353550468402,2
u09,2023-01-22,3,9.743590484671156,2.716666666666667,14,0.5036101551853348,4
u09,2023-01-23,3,7.91885914367966,3.4333333333333336,7,0.4643056214875364,2
u09,2023-01-24,3,6.270450589761285,1.15,12,0.5107539184552492,4
u09,2023-01-25,1,8.447508245459792,3.6833333333333336,7,0.4643056214875365,3
u09,2023-01-26,2,6.038558569378212,3.6166666666666667,12,0.5107539184552492,4
u09,2023-01-27,3,7.522184801316214,4.95,9,0.49453535504684026,3
u09,2023-01-28,1,6.518271802773429,0.48333333333333334,11,0.5089773777040515,3
u09,2023-01-29,1,7.174672017546715,2.4333333333333336,13,0.5089773777040515,3
u09,2023-01-30,3,10.452760150462243,5.766666666666667,10,0.5036101551853348,4
u10,2023-01-01,1,6.769524342240529,3.4833333333333334,8,0.48154341234307674,4
u10,2023-01-02,2,5.4751822752709005,3.3,12,0.5107539184552492,2
u10,2023-01-03,3,10.044127779478773,7.716666666666667,14,0.5036101551853349,4
u10,2023-01-04,1,6.111737688044569,2.8166666666666664,3,0.3378319623460881,2
u10,2023-01-05,3,7.729085356444873,3.183333333333333,9,0.49453535504684026,3
u10,2023-01-06,3,6.434373617305841,4.15,8,0.48154341234307685,3
u10,2023-01-07,2,6.115226847876714,4.45,8,0.48154341234307685,4
u10,2023-01-08,2,9.127090082081416,2.783333333333333,13,0.5089773777040515,4
u10,2023-01-09,2,5.9789228688912415,2.25,8,0.4815434123430768,4
u10,2023-01-10,1,7.681210947868376,4.466666666666667,12,0.5107539184552491,3
u10,2023-01-11,1,6.359297612100538,1.8833333333333333,10,0.5036101551853348,4
u10,2023-01-12,1,6.880717464578141,3.4,10,0.5036101551853349,3
u10,2023-01-13,3,6.181363689821729,2.8666666666666667,13,0.5089773777040516,2
u10,2023-01-14,2,8.475378580302484,3.85,15,0.4945353550468402,3
u10,2023-01-15,2,8.604834274778964,7.216666666666667,4,0.3806934938134405,4
u10,2023-01-16,2,6.529663350054345,3.0833333333333335,13,0.5089773777040515,4
u10,2023-01-17,2,9.17923062082574,2.8166666666666664,10,0.5036101551853348,2
u10,2023-01-18,2,8.948349327174553,3.8333333333333335,14,0.5036101551853349,2
u10,2023-01-19,2,6.969213651731316,0.03333333333333333,7,0.46430562148753646,3
u10,2023-01-20,3,8.95399486094822,1.9833333333333334,14,0.5036101551853348,3
u10,2023-01-21,2,8.896831584443946,5.066666666666666,11,0.5089773777040515,4
u10,2023-01-22,3,8.799889707209687,3.0833333333333335,10,0.5036101551853348,3
u10,2023-01-23,2,5.674162003668458,2.0,15,0.49453535504684026,2
u10,2023-01-24,2,7.393408685543319,3.2333333333333334,12,0.5107539184552492,4
u10,2023-01-25,3,5.72655152429514,4.366666666666666,15,0.4945353550468402,3
u10,2023-01-26,2,8.002805264426872,1.4833333333333334,8,0.4815434123430768,2
u10,2023-01-27,1,8.046680051210076,2.6,7,0.4643056214875365,3
u10,2023-01-28,2,8.522972796620042,5.15,11,0.5089773777040515,3
u10,2023-01-29,2,8.360921731230333,4.35,9,0.49453535504684026,3
u10,2023-01-30,2,5.9097088366973125,0.6833333333333333,14,0.5036101551853348,2
u11,2023-01-01,1,5.0370811086243,1.9833333333333334,5,0.41485111699905336,3
u11,2023-01-02,3,6.610287467412852,0.6,11,0.5089773777040515,3
u11,2023-01-03,3,8.822060177878939,3.1333333333333333,11,0.5089773777040515,2
u11,2023-01-04,3,4.976724878063641,3.35,4,0.38069349381344053,3
u11,2023-01-05,3,7.830691564193563,4.016666666666667,5,0.4148511169990534,3
u11,2023-01-06,3,5.246911243814138,1.9166666666666665,7,0.4643056214875365,2
u11,2023-01-07,3,5.395492768895745,4.666666666666667,16,0.4815434123430768,3
u11,2023-01-08,2,6.231784248767119,4.766666666666667,9,0.49453535504684026,3
u11,2023-01-09,2,8.015430118405817,3.4,14,0.5036101551853348,5
u11,2023-01-10,1,6.638618930782919,1.1,9,0.4945353550468402,2
u11,2023-01-11,1,8.052111501633442,5.416666666666667,10,0.5036101551853349,3
u11,2023-01-12,1,5.925623400843659,4.75,16,0.4815434123430768,3
u11,2023-01-13,1,5.6674835309679485,2.5166666666666666,11,0.5089773777040516,3
u11,2023-01-14,2,5.479948393874819,3.4166666666666665,16,0.48154341234307685,2
u11,2023-01-15,3,7.845871074268756,3.0166666666666666,5,0.41485111699905336,5
u11,2023-01-16,3,6.055615762262446,1.6166666666666667,5,0.4148511169990534,4
u11,2023-01-17,2,6.8971809632359,5.266666666666667,12,0.5107539184552491,4
u11,2023-01-18,1,7.697775185272104,2.9333333333333336,5,0.41485111699905336,4
u11,2023-01-19,2,7.172261560294397,3.8333333333333335,7,0.4643056214875365,2
u11,2023-01-20,2,6.969075459592478,3.4166666666666665,13,0.5089773777040515,3
u11,2023-01-21,2,5.01028685985687,1.6833333333333333,15,0.49453535504684015,5
u11,2023-01-22,2,5.727687574120576,5.716666666666667,4,0.38069349381344053,2
u11,2023-01-23,2,5.647243635911722,5.116666666666666,13,0.5089773777040516,2
u11,2023-01-24,2,5.330182815748426,0.3,15,0.49453535504684015,2
u11,2023-01-25,2,9.083437269724635,5.233333333333333,6,0.4423258684646914,3
u11,2023-01-26,3,9.40803383210347,1.9833333333333334,11,0.5089773777040516,2
u11,2023-01-27,1,5.359617072612691,23.2,6,0.44232586846469135,4
u11,2023-01-28,2,4.771136044476528,3.05,7,0.46430562148753646,4
u11,2023-01-29,3,8.176666273339974,6.083333333333333,10,0.5036101551853349,4
u11,2023-01-30,2,7.177435872559343,2.0,15,0.49453535504684026,3
u12,2023-01-01,1,8.366538211389662,2.2,7,0.46430562148753646,5
u12,2023-01-02,2,7.690891303359418,3.4166666666666665,5,0.4148511169990534,2
u12,2023-01-03,2,3.5930678646204184,4.783333333333333,15,0.4945353550468402,4
u12,2023-01-04,2,4.829645563195479,2.15,7,0.4643056214875365,3
u12,2023-01-05,3,8.678543895726852,4.933333333333334,6,0.44232586846469135,3
u12,2023-01-06,1,6.523743711683228,3.9,6,0.44232586846469135,4
u12,2023-01-07,1,4.756955566444794,2.0,11,0.5089773777040516,3
u12,2023-01-08,1,5.649350081204915,3.9,7,0.4643056214875365,4
u12,2023-01-09,1,6.004230701153821,2.7666666666666666,9,0.4945353550468403,3
u12,2023-01-10,3,8.782275575471864,4.2,15,0.4945353550468402,2
u12,2023-01-11,2,7.571271736815812,2.6166666666666667,9,0.49453535504684026,4
u12,2023-01-12,2,4.99676871512842,3.35,11,0.5089773777040515,1
u12,2023-01-13,2,5.524098637578645,23.933333333333334,10,0.5036101551853348,4
u12,2023-01-14,2,9.173374255696274,4.2,14,0.5036101551853348,4
u12,2023-01-15,1,9.2489239921466,3.783333333333333,13,0.5089773777040516,4
u12,2023-01-16,2,5.92002522567217,3.9166666666666665,15,0.4945353550468402,3
u12,2023-01-17,3,6.51906811200699,1.8333333333333335,11,0.5089773777040515,2
u12,2023-01-18,1,7.093323139079078,2.466666666666667,13,0.5089773777040515,3
u12,2023-01-19,1,5.305505938801439,2.35,15,0.49453535504684015,3
u12,2023-01-20,2,8.122034495988334,1.6,10,0.5036101551853348,1
u12,2023-01-21,3,5.351987679221813,0.31666666666666665,12,0.5107539184552492,4
u12,2023-01-22,2,4.447235652852255,1.3333333333333333,14,0.5036101551853348,4
u12,2023-01-23,2,7.562394464488291,4.816666666666666,8,0.48154341234307685,1
u12,2023-01-24,3,8.971312947389874,5.2,5,0.4148511169990534,3
u12,2023-01-25,2,7.4740468268938,2.8666666666666667,9,0.49453535504684026,4
u12,2023-01-26,1,7.4378774353680654,2.8333333333333335,10,0.5036101551853348,3
u12,2023-01-27,2,7.967082701751242,3.75,6,0.44232586846469135,3
u12,2023-01-28,2,7.1234837229617085,3.0,11,0.5089773777040515,3
u12,2023-01-29,3,6.307031012733905,3.45,8,0.48154341234307685,3
u12,2023-01-30,2,8.759640767351884,1.2666666666666666,9,0.49453535504684026,1
u13,2023-01-01,1,6.5136396678278015,4.983333333333333,9,0.49453535504684026,3
u13,2023-01-02,3,7.793851310888117,6.0,9,0.4945353550468402,3
u13,2023-01-03,3,8.029320865198583,1.4,10,0.5036101551853348,2
u13,2023-01-04,1,9.405280675715364,6.233333333333333,14,0.5036101551853349,3
u13,2023-01-05,3,4.385231632146485,0.85,12,0.5107539184552492,3
u13,2023-01-06,1,6.407557955550505,2.15,14,0.5036101551853348,2
u13,2023-01-07,1,6.649354799250777,1.6,11,0.5089773777040515,4
u13,2023-01-08,1,7.195378761347894,3.9,15,0.4945353550468402,3
u13,2023-01-09,3,7.605949832462789,2.65,11,0.5089773777040516,3
u13,2023-01-10,1,6.517073702072329,4.05,11,0.5089773777040515,3
u13,2023-01-11,3,7.586489199153353,4.05,12,0.5107539184552491,2
u13,2023-01-12,3,7.242217409484904,2.8666666666666667,5,0.41485111699905336,3
u13,2023-01-13,1,8.676009591593408,4.933333333333334,10,0.5036101551853348,3
u13,2023-01-14,3,7.43040585508164,6.316666666666666,13,0.5089773777040515,4
u13,2023-01-15,2,5.317716490729196,2.8833333333333333,7,0.4643056214875365,2
u13,2023-01-16,1,5.708582185723701,0.8166666666666667,14,0.5036101551853348,3
u13,2023-01-17,1,8.141351349729053,4.483333333333333,7,0.4643056214875365,3
u13,2023-01-18,3,8.353016584187545,4.216666666666667,10,0.5036101551853348,3
u13,2023-01-19,1,5.615408367183003,0.8833333333333333,11,0.5089773777040516,3
u13,2023-01-20,3,10.02517716815349,5.25,16,0.4815434123430768,2
u13,2023-01-21,1,8.24630590887945,4.5,11,0.5089773777040516,4
u13,2023-01-22,3,4.6311690634899385,1.3333333333333333,4,0.3806934938134405,3
u13,2023-01-23,3,7.771385195642575,1.85,11,0.5089773777040516,3
u13,2023-01-24,1,6.849132877135354,2.3833333333333333,14,0.5036101551853349,3
u13,2023-01-25,3,7.401968378679636,4.266666666666667,5,0.41485111699905336,4
u13,2023-01-26,3,6.6965370838355245,2.7,5,0.41485111699905336,4
u13,2023-01-27,3,8.20804990982825,2.6166666666666667,6,0.4423258684646914,3
u13,2023-01-28,3,6.168197757563206,21.866666666666667,16,0.48154341234307674,3
u13,2023-01-29,3,6.500302789871767,2.3333333333333335,16,0.4815434123430768,3
u13,2023-01-30,3,10.10439890379761,4.083333333333333,9,0.49453535504684026,2
u14,2023-01-01,1,9.678664081730869,4.333333333333333,9,0.49453535504684026,4
u14,2023-01-02,3,6.668859926664795,2.9166666666666665,13,0.5089773777040515,2
u14,2023-01-03,2,7.249583896706924,1.85,7,0.4643056214875365,2
u14,2023-01-04,2,6.342061503593978,23.833333333333332,6,0.4423258684646914,3
u14,2023-01-05,2,7.140942421180394,4.616666666666667,14,0.5036101551853348,4
u14,2023-01-06,3,5.652328189289253,3.75,16,0.48154341234307674,2
u14,2023-01-07,2,8.708681049107714,2.5166666666666666,8,0.4815434123430768,3
u14,2023-01-08,1,5.071594135115876,3.55,9,0.49453535504684026,4
u14,2023-01-09,2,9.724279369576564,4.483333333333333,14,0.5036101551853348,4
u14,2023-01-10,1,9.030614165208243,4.983333333333333,11,0.5089773777040515,3
u14,2023-01-11,2,9.743411532433464,4.783333333333333,9,0.4945353550468403,4
u14,2023-01-12,2,5.545949521397077,4.85,10,0.5036101551853348,3
u14,2023-01-13,3,6.41016563075924,4.666666666666667,6,0.44232586846469135,3
u14,2023-01-14,2,7.282124485385017,2.6,12,0.5107539184552492,4
u14,2023-01-15,3,4.2090917726563735,23.533333333333335,11,0.5089773777040516,4
u14,2023-01-16,3,6.110445521319511,3.1333333333333333,10,0.5036101551853348,2
u14,2023-01-17,2,7.438703269233,4.383333333333334,6,0.4423258684646913,2
u14,2023-01-18,1,5.37869064858296,23.866666666666667,7,0.46430562148753646,4
u14,2023-01-19,2,7.378759994916787,1.0833333333333333,8,0.48154341234307685,3
u14,2023-01-20,2,9.170663701732003,5.416666666666667,14,0.5036101551853348,5
u14,2023-01-21,2,6.568512789344098,2.25,15,0.49453535504684026,3
u14,2023-01-22,3,7.197629582489115,1.9833333333333334,8,0.48154341234307685,4
u14,2023-01-23,3,7.325595243039797,0.7833333333333333,5,0.41485111699905347,3
u14,2023-01-24,2,9.79844593550818,2.8666666666666667,16,0.4815434123430768,4
u14,2023-01-25,2,6.134245001200277,0.48333333333333334,9,0.49453535504684026,4
u14,2023-01-26,2,6.455913979965613,0.7333333333333333,7,0.4643056214875365,3
u14,2023-01-27,2,7.294981566163182,3.8333333333333335,4,0.38069349381344053,4
u14,2023-01-28,2,8.713212350525854,5.0,15,0.4945353550468402,3
u14,2023-01-29,1,6.182517142009967,3.85,3,0.3378319623460881,4
u14,2023-01-30,3,7.418514383735492,2.6166666666666667,16,0.4815434123430768,3
u15,2023-01-01,1,6.942297787125719,2.2,13,0.5089773777040516,3
u15,2023-01-02,1,6.309764674540665,1.6833333333333333,5,0.4148511169990534,4
u15,2023-01-03,3,4.009758342713479,1.05,6,0.44232586846469135,3
u15,2023-01-04,3,6.5512871067936045,2.4166666666666665,7,0.46430562148753646,3
u15,2023-01-05,3,7.205976984976719,23.333333333333332,5,0.4148511169990534,3
u15,2023-01-06,3,5.757415223501738,2.5833333333333335,8,0.48154341234307674,4
u15,2023-01-07,3,8.716351027124167,2.5,13,0.5089773777040515,3
u15,2023-01-08,3,7.389143079798418,2.9833333333333334,13,0.5089773777040515,2
u15,2023-01-09,1,6.378836984832777,2.0833333333333335,12,0.5107539184552491,3
u15,2023-01-10,1,8.815320893793167,5.283333333333333,10,0.5036101551853349,3
u15,2023-01-11,2,4.5153362182921,2.1,10,0.5036101551853349,4
u15,2023-01-12,2,7.754018518985083,3.6166666666666667,16,0.4815434123430768,3
u15,2023-01-13,1,7.200621422879518,4.316666666666666,10,0.5036101551853349,3
u15,2023-01-14,2,6.31749205595166,2.6333333333333333,6,0.44232586846469146,3
u15,2023-01-15,1,7.367488431758229,2.066666666666667,13,0.5089773777040515,2
u15,2023-01-16,1,5.546941665640897,2.3833333333333333,10,0.5036101551853348,3
u15,2023-01-17,1,7.261538125739443,3.6833333333333336,5,0.41485111699905347,3
u15,2023-01-18,2,5.847650894724001,2.1166666666666667,3,0.3378319623460881,3
u15,2023-01-19,3,7.026533916658456,2.2,7,0.4643056214875365,4
u15,2023-01-20,3,3.893727653475795,2.283333333333333,10,0.5036101551853348,3
u15,2023-01-21,2,3.116372021048188,1.2333333333333334,7,0.4643056214875365,4
u15,2023-01-22,1,3.910473532963288,3.3833333333333333,3,0.3378319623460881,4
u15,2023-01-23,1,9.29286655628393,1.6333333333333333,10,0.5036101551853349,4
u15,2023-01-24,3,7.503676466279284,5.95,11,0.5089773777040515,2
u15,2023-01-25,3,7.720107245371082,0.4666666666666667,5,0.4148511169990534,4
u15,2023-01-26,2,10.055943551598018,2.783333333333333,14,0.5036101551853348,3
u15,2023-01-27,2,6.90807560267602,5.033333333333333,6,0.44232586846469135,2
u15,2023-01-28,1,9.455220208075078,4.816666666666666,6,0.4423258684646914,3
u15,2023-01-29,3,4.301760061848384,1.95,4,0.38069349381344053,3
u15,2023-01-30,1,7.017027772312253,6.233333333333333,11,0.5089773777040516,4
u16,2023-01-01,2,6.942726031156852,3.8,9,0.49453535504684026,4
u16,2023-01-02,2,8.466409532980766,4.05,10,0.5036101551853349,2
u16,2023-01-03,3,7.967598051353015,4.85,11,0.5089773777040515,3
u16,2023-01-04,1,9.177261221880109,5.366666666666666,12,0.5107539184552492,4
u16,2023-01-05,1,6.115039593999828,3.1166666666666667,13,0.5089773777040515,2
u16,2023-01-06,2,7.103111288713202,3.7333333333333334,13,0.5089773777040516,1
u16,2023-01-07,1,7.044174991092182,2.1666666666666665,15,0.4945353550468402,5
u16,2023-01-08,1,7.486532065394725,3.1,16,0.48154341234307674,4
u16,2023-01-09,3,7.2097082795701315,4.75,12,0.5107539184552492,3
u16,2023-01-10,2,6.455010042736364,23.683333333333334,14,0.5036101551853348,2
u16,2023-01-11,3,5.671001193628739,2.85,11,0.5089773777040516,3
u16,2023-01-12,1,9.674172223142277,5.0,8,0.48154341234307674,3
u16,2023-01-13,1,7.147952076570018,23.316666666666666,7,0.4643056214875365,3
u16,2023-01-14,3,8.321633637530965,3.7666666666666666,9,0.4945353550468402,4
u16,2023-01-15,3,8.058007807476868,5.3,15,0.49453535504684026,3
u16,2023-01-16,1,8.07817431010243,3.3833333333333333,12,0.5107539184552492,3
u16,2023-01-17,1,7.176947964992611,3.0166666666666666,11,0.5089773777040515,2
u16,2023-01-18,2,8.138074179414811,4.266666666666667,13,0.5089773777040515,4
u16,2023-01-19,1,6.210971531512463,4.4,16,0.4815434123430768,3
u16,2023-01-20,1,6.041515345198874,5.833333333333333,9,0.49453535504684026,3
u16,2023-01-21,2,7.912993907348029,2.183333333333333,12,0.5107539184552492,4
u16,2023-01-22,3,5.616212833165324,1.3666666666666667,12,0.5107539184552492,4
u16,2023-01-23,3,7.062046850948062,4.566666666666666,4,0.3806934938134405,5
u16,2023-01-24,3,9.50655857052945,6.116666666666666,8,0.48154341234307674,3
u16,2023-01-25,2,6.701942496579683,2.466666666666667,12,0.5107539184552491,3
u16,2023-01-26,1,4.709657690580516,4.466666666666667,11,0.5089773777040515,3
u16,2023-01-27,3,5.94673453063274,2.3,12,0.5107539184552492,4
u16,2023-01-28,3,5.798370058486355,2.6333333333333333,17,0.4643056214875365,4
u16,2023-01-29,2,6.125681864572359,3.966666666666667,16,0.4815434123430768,3
u16,2023-01-30,3,8.958789835119239,3.2666666666666666,13,0.5089773777040515,2
u17,2023-01-01,2,7.1512481981542,2.5666666666666664,10,0.5036101551853349,4
u17,2023-01-02,1,7.198881390766559,4.433333333333334,16,0.4815434123430768,2
u17,2023-01-03,3,7.061154500302275,4.65,9,0.4945353550468402,3
u17,2023-01-04,2,8.632435681478336,4.833333333333333,13,0.5089773777040515,2
u17,2023-01-05,1,7.869564031848337,3.716666666666667,8,0.4815434123430768,2
u17,2023-01-06,2,9.223431218460972,4.7,8,0.4815434123430768,3
u17,2023-01-07,2,7.215045014617555,4.15,12,0.5107539184552492,3
u17,2023-01-08,3,3.88245130857576,0.5666666666666667,7,0.4643056214875365,5
u17,2023-01-09,1,7.3537156231877345,23.05,5,0.41485111699905336,2
u17,2023-01-10,2,8.022152232497195,2.45,7,0.46430562148753646,3
u17,2023-01-11,2,6.242465584325101,2.9166666666666665,9,0.49453535504684026,2
u17,2023-01-12,2,7.126114691028963,5.266666666666667,13,0.5089773777040515,2
u17,2023-01-13,3,7.291207219198298,1.8,8,0.4815434123430768,2
u17,2023-01-14,2,8.201640883246117,3.4333333333333336,4,0.3806934938134405,4
u17,2023-01-15,3,9.729752730008352,4.6,12,0.5107539184552492,2
u17,2023-01-16,1,6.854889978883409,4.216666666666667,13,0.5089773777040515,3
u17,2023-01-17,2,11.472996950383054,7.8,12,0.5107539184552491,3
u17,2023-01-18,3,9.80489411484891,2.5666666666666664,8,0.4815434123430768,2
u17,2023-01-19,2,5.740076984312276,1.4833333333333334,5,0.41485111699905336,3
u17,2023-01-20,3,5.505861509105564,2.783333333333333,4,0.3806934938134405,3
u17,2023-01-21,2,6.08092313243684,2.95,7,0.46430562148753646,4
u17,2023-01-22,2,5.973875008329233,1.35,7,0.46430562148753646,4
u17,2023-01-23,3,7.447149383980678,4.183333333333334,12,0.5107539184552492,2
u17,2023-01-24,3,6.144359647040317,2.1166666666666667,8,0.48154341234307685,3
u17,2023-01-25,3,9.188774784259405,4.65,15,0.49453535504684026,4
u17,2023-01-26,2,5.8150664943775565,3.7,6,0.44232586846469135,2
u17,2023-01-27,3,6.161508266243848,4.216666666666667,11,0.5089773777040515,3
u17,2023-01-28,2,9.023693791561383,4.233333333333333,8,0.48154341234307674,2
u17,2023-01-29,3,5.661990624338252,2.3166666666666664,15,0.49453535504684026,2
u17,2023-01-30,3,10.326826925250606,4.366666666666666,15,0.49453535504684015,3
u18,2023-01-01,1,9.308721821111114,5.183333333333334,6,0.4423258684646914,4
u18,2023-01-02,3,9.549151234279517,6.35,10,0.5036101551853348,2
u18,2023-01-03,3,6.623843788515741,3.8333333333333335,12,0.5107539184552492,3
u18,2023-01-04,2,6.775199162738716,3.45,6,0.4423258684646914,2
u18,2023-01-05,1,5.9743741933008,1.2166666666666668,6,0.44232586846469135,4
u18,2023-01-06,3,7.175322356142231,2.9333333333333336,12,0.5107539184552492,3
u18,2023-01-07,2,4.4196906535991545,2.55,15,0.4945353550468402,3
u18,2023-01-08,2,8.36359299393212,2.1,11,0.5089773777040516,4
u18,2023-01-09,1,5.278798715573722,0.35,4,0.3806934938134405,4
u18,2023-01-10,3,7.690092766939747,5.783333333333333,13,0.5089773777040515,3
u18,2023-01-11,2,8.274339967341806,2.533333333333333,12,0.5107539184552491,3
u18,2023-01-12,2,7.214673385471488,3.45,8,0.48154341234307674,4
u18,2023-01-13,2,5.699174671671037,0.38333333333333336,14,0.5036101551853348,2
u18,2023-01-14,2,5.942982349655017,3.533333333333333,12,0.5107539184552492,3
u18,2023-01-15,1,6.327155286024851,2.033333333333333,8,0.48154341234307674,3
u18,2023-01-16,3,4.302734292870887,0.9666666666666667,12,0.5107539184552492,2
u18,2023-01-17,2,7.26493466159718,2.3666666666666667,7,0.46430562148753646,3
u18,2023-01-18,2,7.115989265127593,2.35,12,0.5107539184552492,2
u18,2023-01-19,3,6.211124333145663,23.366666666666667,3,0.3378319623460881,3
u18,2023-01-20,1,8.897486845191816,6.466666666666667,7,0.4643056214875365,3
u18,2023-01-21,3,7.684630093605737,2.9166666666666665,10,0.5036101551853349,3
u18,2023-01-22,2,6.182800654970131,1.4333333333333333,16,0.48154341234307674,4
u18,2023-01-23,2,7.989768533509889,4.116666666666666,9,0.49453535504684026,2
u18,2023-01-24,3,6.529136879375257,3.1333333333333333,5,0.41485111699905336,2
u18,2023-01-25,2,8.174033274865721,2.033333333333333,14,0.5036101551853349,2
u18,2023-01-26,2,6.938479403497276,1.0333333333333334,16,0.4815434123430768,3
u18,2023-01-27,3,7.673525883778978,3.5833333333333335,7,0.4643056214875365,3
u18,2023-01-28,2,5.542114077906307,2.9,12,0.5107539184552492,3
u18,2023-01-29,3,5.259126612286016,5.883333333333333,10,0.5036101551853348,4
u18,2023-01-30,2,7.048681714787653,2.0,16,0.4815434123430768,4
u19,2023-01-01,2,9.75276675220645,3.9833333333333334,6,0.4423258684646914,3
u19,2023-01-02,3,6.682980708397984,4.7,14,0.5036101551853348,5
u19,2023-01-03,3,8.021158463685035,4.166666666666667,8,0.4815434123430768,2
u19,2023-01-04,1,9.664885554542428,5.066666666666666,14,0.5036101551853349,2
u19,2023-01-05,2,7.255294634689979,1.5166666666666666,7,0.4643056214875366,4
u19,2023-01-06,3,5.09359718521914,2.65,13,0.5089773777040515,2
u19,2023-01-07,2,6.6401362741097945,2.65,8,0.4815434123430768,3
u19,2023-01-08,2,6.194145390708409,2.0,9,0.4945353550468403,4
u19,2023-01-09,2,6.871519009641249,1.2,5,0.4148511169990534,2
u19,2023-01-10,3,7.470784666665159,1.5666666666666667,11,0.5089773777040516,4
u19,2023-01-11,2,4.8312558476348295,3.1166666666666667,14,0.5036101551853348,2
u19,2023-01-12,2,9.100426516077594,1.3166666666666667,11,0.5089773777040515,1
u19,2023-01-13,1,7.035424321805485,2.15,11,0.5089773777040515,5
u19,2023-01-14,3,5.975236288738416,4.683333333333334,4,0.3806934938134405,3
u19,2023-01-15,1,9.858581792925785,5.883333333333333,17,0.4643056214875365,5
u19,2023-01-16,1,4.157685884816866,3.9333333333333336,11,0.5089773777040516,1
u19,2023-01-17,1,7.168378222813269,3.7,4,0.38069349381344053,4
u19,2023-01-18,3,4.963590668139839,2.85,14,0.5036101551853348,3
u19,2023-01-19,2,8.30447002299399,1.5833333333333335,11,0.5089773777040515,2
u19,2023-01-20,2,5.8198092055062185,3.7333333333333334,5,0.41485111699905347,3
u19,2023-01-21,1,6.514484314032444,2.7333333333333334,15,0.49453535504684026,4
u19,2023-01-22,3,8.39758618251144,1.5833333333333335,6,0.44232586846469135,4
u19,2023-01-23,3,6.49258565097702,5.3,13,0.5089773777040515,2
u19,2023-01-24,2,6.229094963073159,1.9333333333333333,11,0.5089773777040515,4
u19,2023-01-25,3,5.765335491082109,4.033333333333333,11,0.5089773777040515,2
u19,2023-01-26,3,9.711682680554055,4.833333333333333,11,0.5089773777040516,3
u19,2023-01-27,3,6.846932148330639,3.966666666666667,11,0.5089773777040515,4
u19,2023-01-28,3,6.56325749782472,0.4,9,0.49453535504684026,4
u19,2023-01-29,3,7.580166269495341,0.75,8,0.4815434123430768,3
u19,2023-01-30,2,6.488162841962557,0.5166666666666667,10,0.5036101551853349,4
